<?xml version="1.0" ?>
<LOG_ROOT>
	<PROJECT NAME="DIVISION_N_N">
		<CBX_INST_ENTRY INSTANCE_NAME="|DIVISION_N_N|BANK:inst9|lpm_decode0:inst31|lpm_decode:lpm_decode_component" CBX_FILE_NAME="decode_3rf.tdf"/>
		<CBX_INST_ENTRY INSTANCE_NAME="|DIVISION_N_N|lpm_clshift2:inst8|lpm_clshift:lpm_clshift_component" CBX_FILE_NAME="lpm_clshift_aic.tdf"/>
		<CBX_INST_ENTRY INSTANCE_NAME="|DIVISION_N_N|lpm_compare0:inst4|lpm_compare:lpm_compare_component" CBX_FILE_NAME="cmpr_jmi.tdf"/>
		<CBX_INST_ENTRY INSTANCE_NAME="|DIVISION_N_N|lpm_counter0:inst1|lpm_counter:lpm_counter_component" CBX_FILE_NAME="cntr_hai.tdf"/>
		<CBX_INST_ENTRY INSTANCE_NAME="|DIVISION_N_N|BANK:inst9|lpm_decode0:inst30|lpm_decode:lpm_decode_component" CBX_FILE_NAME="decode_3rf.tdf"/>
		<CBX_INST_ENTRY INSTANCE_NAME="|DIVISION_N_N|BANK:inst9|lpm_decode0:inst32|lpm_decode:lpm_decode_component" CBX_FILE_NAME="decode_3rf.tdf"/>
		<CBX_INST_ENTRY INSTANCE_NAME="|DIVISION_N_N|lpm_add_sub1:inst21|lpm_add_sub:lpm_add_sub_component" CBX_FILE_NAME="add_sub_21h.tdf"/>
		<CBX_INST_ENTRY INSTANCE_NAME="|DIVISION_N_N|lpm_add_sub2:inst15|lpm_add_sub:lpm_add_sub_component" CBX_FILE_NAME="add_sub_rnh.tdf"/>
		<CBX_INST_ENTRY INSTANCE_NAME="|DIVISION_N_N|lpm_constant0:inst20|lpm_constant:lpm_constant_component" CBX_FILE_NAME="lpm_constant_be6.tdf"/>
		<CBX_INST_ENTRY INSTANCE_NAME="|DIVISION_N_N|lpm_mux0:inst13|lpm_mux:lpm_mux_component" CBX_FILE_NAME="mux_nmc.tdf"/>
		<CBX_INST_ENTRY INSTANCE_NAME="|DIVISION_N_N|lpm_mux0:inst14|lpm_mux:lpm_mux_component" CBX_FILE_NAME="mux_nmc.tdf"/>
		<CBX_INST_ENTRY INSTANCE_NAME="|DIVISION_N_N|lpm_ram_dq1:inst11|lpm_ram_dq:lpm_ram_dq_component|altram:sram|altsyncram:ram_block" CBX_FILE_NAME="altsyncram_t5b1.tdf"/>
	</PROJECT>
</LOG_ROOT>
